post_id,title,subreddit,score,num_comments,author,collected_at
47611721,IBM Announces Strategic Collaboration with Arm,science,94,48,bonzini,2026-04-02 17:08:01
47612601,"Sweden goes back to basics, swapping screens for books in the classroom",technology,51,8,novaRom,2026-04-02 17:08:06
47611921,Significant Raise of Reports,technology,24,10,stratos123,2026-04-02 17:08:08
47609694,Email obfuscation: What works in 2026?,technology,164,47,jaden,2026-04-02 17:08:09
47596739,Mercor says it was hit by cyberattack tied to compromise LiteLLM,technology,59,20,jackson-mcd,2026-04-02 17:08:11
47608495,Quantum computing bombshells that are not April Fools,science,192,61,Strilanc,2026-04-02 17:08:13
47609564,Steam on Linux Use Skyrocketed Above 5% in March,sports,436,204,hkmaxpro,2026-04-02 17:08:15
47602832,EmDash – A spiritual successor to WordPress that solves plugin security,technology,584,436,elithrar,2026-04-02 17:08:18
47611809,New laws to make it easier to cancel subscriptions and get refunds,worldnews,58,22,chrisjj,2026-04-02 17:08:20
47557921,Show HN: Git bayesect – Bayesian Git bisection for non-deterministic bugs,entertainment,288,41,hauntsaninja,2026-04-02 17:08:27
47589558,"The story of Britain's oldest sweet, the Pontefract Cake (2019)",technology,7,4,thomassmith65,2026-04-02 17:08:29
47609725,Show HN: NASA Artemis II Mission Timeline Tracker,science,68,14,AustinDev,2026-04-02 17:08:31
47603737,AI for American-produced cement and concrete,technology,196,113,latchkey,2026-04-02 17:08:33
47606560,"Show HN: Dull – Instagram Without Reels, YouTube Without Shorts (iOS)",entertainment,105,82,kasparnoor,2026-04-02 17:08:35
47576106,"Reverse Engineering Crazy Taxi, Part 2",technology,48,3,wgreenberg,2026-04-02 17:08:38
47605677,Signing data structures the wrong way,technology,107,46,malgorithms,2026-04-02 17:08:40
47557385,The revenge of the data scientist,technology,147,32,hamelsmu,2026-04-02 17:08:42
47604155,SpaceX files to go public,science,325,452,nutjob2,2026-04-02 17:08:45
47602879,StepFun 3.5 Flash is #1 cost-effective model for OpenClaw tasks (300 battles),worldnews,162,77,skysniper,2026-04-02 17:08:47
47610245,Things I Think I Think... Preferring Local OSS LLMs,technology,11,0,zdw,2026-04-02 17:08:50
47612035,UK Government unveils rules to end subscription traps,worldnews,10,1,_____k,2026-04-02 17:08:53
47609294,The Claude Code Leak,technology,161,141,mergesort,2026-04-02 17:08:57
47605374,Scientists crack a 20-year nuclear mystery behind the creation of gold,science,75,35,prabal97,2026-04-02 17:08:59
47607394,SolveSpace (open source 2D/3D CAD) working on Windows 2000 (2025),technology,34,6,ruevs,2026-04-02 17:09:02
47612486,Half of social-science studies fail replication test in years-long project,technology,5,2,MrBuddyCasino,2026-04-02 17:09:05
47571183,Show HN: CLI to order groceries via reverse-engineered REWE API (Haskell),technology,191,80,wazHFsRy,2026-04-02 17:09:07
47599510,"Random numbers, Persian code: A mysterious signal transfixes radio sleuths",technology,116,115,thinkingemote,2026-04-02 17:09:09
47603966,Show HN: Flight-Viz – 10K flights on a 3D globe in 3.5MB of Rust+WASM,entertainment,76,39,coolwulf,2026-04-02 17:09:11
47558531,AI Perfected Chess. Humans Made It Unpredictable Again,technology,47,42,GMoromisato,2026-04-02 17:09:13
47607326,The Windows equivalents of the most used Linux commands,sports,63,59,elsadek,2026-04-02 17:09:15
47610740,Evolutionary Computation Bestiary,science,6,1,emil-lp,2026-04-02 17:09:17
47565307,Windows 95 defenses against installers that overwrite a file with an older one,technology,150,81,michelangelo,2026-04-02 17:09:20
47574871,"Show HN: Zerobox – Sandbox any command with file, network, credential controls",entertainment,124,88,afshinmeh,2026-04-02 17:09:24
47572878,How-to guide: Commissioning a Sensor Physics R&D Lab,science,40,4,MagneLauritzen,2026-04-02 17:09:29
47609883,"Salomi, a research repo on extreme low-bit transformer quantization",science,10,3,Edward9055,2026-04-02 17:09:32
47601555,Apple removes iPhone vibe coding app from app store,technology,55,53,randycupertino,2026-04-02 17:09:34
47575061,"Show HN: QWERTY mini Pro – Why a 2-row, 16-key keyboard works better",entertainment,7,6,QWERTYmini,2026-04-02 17:09:36
47609425,Show HN: We open-sourced our content writing workflow as a Claude Code skill,technology,10,4,arximughal,2026-04-02 17:09:38
47609372,"Show HN: Semantic atlas of 188 constitutions in 3D (30k articles, embeddings)",entertainment,9,3,joaoli131,2026-04-02 17:09:40
47607067,Swappa.com for GrapheneOS compatible devices – Stay Away,technology,107,72,OsrsNeedsf2P,2026-04-02 17:09:44
47612127,Men are ditching TV for YouTube as AI usage and social media fatigue grow,technology,34,70,bundie,2026-04-02 17:09:47
47592755,OpenAI closes funding round at an $852B valuation,technology,520,485,surprisetalk,2026-04-02 17:09:50
47608155,"ZomboCom stolen by a hacker, sold, now replaced with AI-generated makeover",technology,69,32,bananaboy,2026-04-02 17:09:52
47565350,An Introduction to Writing Systems and Unicode,technology,63,13,mariuz,2026-04-02 17:09:54
47589856,Show HN: Postgres extension for BM25 relevance-ranked full-text search,entertainment,189,57,tjgreen,2026-04-02 17:10:05
47541746,Show HN: Forkrun – NUMA-aware shell parallelizer (50×–400× faster than parallel),worldnews,144,40,jkool702,2026-04-02 17:10:14
47583045,Google's 200M-parameter time-series foundation model with 16k context,entertainment,315,108,codepawl,2026-04-02 17:10:19
47601310,"Iran war sparks renewables boom as Europeans rush to buy solar, heat pumps, EVs",worldnews,82,102,vrganj,2026-04-02 17:10:40
47607354,"""Vibecession"" reflects an increasingly difficult economy and society",worldnews,29,4,paulpauper,2026-04-02 17:10:42
47578086,Vulnerability research is cooked,science,252,168,pedro84,2026-04-02 17:10:47
47610604,Qwen3.6-Plus: Towards Real World Agents,worldnews,15,3,meetpateltech,2026-04-02 17:10:53
47555273,Audio tapes reveal mass rule-breaking in Milgram's obedience experiments,science,227,132,lentoutcry,2026-04-02 17:11:18
47574960,Inside the 'self-driving' lab revolution,science,61,8,salkahfi,2026-04-02 17:11:23
47555035,"Show HN: Loreline, narrative language transpiled via Haxe: C++/C#/JS/Java/Py/Lua",entertainment,71,20,jeremyfa,2026-04-02 17:11:32
47548164,"Researchers find 3,500-year-old loom that reveals textile revolution",science,132,19,geox,2026-04-02 17:11:35
47607990,Managed Nationalism,worldnews,19,2,tokai,2026-04-02 17:11:40
47566143,My MacBook keyboard is broken and it's insanely expensive to fix,entertainment,381,532,TobiasBerg,2026-04-02 17:11:45
47578572,Turning a MacBook into a touchscreen with $1 of hardware (2018),worldnews,406,229,HughParry,2026-04-02 17:11:47
47556729,Founder of GitLab battles cancer by founding companies,science,1398,253,bob_theslob646,2026-04-02 17:11:57
47603534,A new way to measure poverty shows the US falling behind Europe,entertainment,93,81,_DeadFred_,2026-04-02 17:11:59
47588324,Show HN: Sundial – a new way to look at a weather forecast,entertainment,58,24,izaidi,2026-04-02 17:12:03
47553910,From Proxmox to FreeBSD and Sylve in our office lab,science,98,84,arch1e,2026-04-02 17:12:47
47608790,The Longest-Running Vaporware Project in the History of Computing,worldnews,12,2,YounesDz,2026-04-02 17:12:49
47608745,"Magnitude 7.4 earthquake strikes in Indonesia, sparking tsunami alert",science,6,0,teleforce,2026-04-02 17:12:54
47585860,"In Expanding de Sitter Space, Quantum Mechanics Gets More Elusive",science,32,2,pseudolus,2026-04-02 17:13:02
47557299,Hardware Image Compression,worldnews,72,15,luu,2026-04-02 17:13:04
47598415,A million new SpaceX satellites will destroy the night sky,science,48,39,01-_-,2026-04-02 17:13:10
47605132,"SpaceX files for IPO, targets $1.75T valuation",science,11,2,AndrewDucker,2026-04-02 17:13:30
47607408,Scientists Figured Out How Eels Reproduce (2022),science,7,0,thunderbong,2026-04-02 17:13:33
47558094,Show HN: QuickBEAM – run JavaScript as supervised Erlang/OTP processes,entertainment,110,16,dannote,2026-04-02 17:13:53
47553717,I Built an Open-World Engine for the N64 [video],entertainment,461,93,msephton,2026-04-02 17:14:01
47540383,‘Energy independence feels practical’: Europeans building mini solar farms,science,354,350,vrganj,2026-04-02 17:14:32
47540833,Hold on to Your Hardware,worldnews,661,533,LucidLynx,2026-04-02 17:14:37
47576861,New Washington state law bans noncompete agreements,worldnews,334,124,toomuchtodo,2026-04-02 17:14:46
47552643,Cat Itecture: Better Cat Window Boxes (2023),sports,87,14,gggscript,2026-04-02 17:15:05
47563103,"Show HN: BreezePDF – Free, in-browser PDF editor",entertainment,96,46,philjohnson,2026-04-02 17:15:09
47590153,Facial Recognition Errors Affect Millions Globally,worldnews,6,0,pseudolus,2026-04-02 17:15:15
47589451,Show HN: Hyprmoncfg – Terminal-based monitor config manager for Hyprland,entertainment,11,4,earcar,2026-04-02 17:15:19
47582418,Safeguarding cryptocurrency by disclosing quantum vulnerabilities responsibly,science,86,35,madars,2026-04-02 17:15:22
47565831,"Show HN: I made a ""programming language"" looking for feedback",entertainment,37,39,alonsovm,2026-04-02 17:15:29
47605235,NASA's Artemis II Crew Launches to the Moon (Official Broadcast) [video],science,5,1,twalichiewicz,2026-04-02 17:15:30
47587191,Show HN: Rust UEFI UI Lib,entertainment,6,2,supernihil,2026-04-02 17:15:35
47556033,rpg.actor Game Jam,entertainment,80,6,Kye,2026-04-02 17:15:39
47595721,Iran's Revolutionary Guards Declares War on Silicon Valley,worldnews,18,12,mikelgan,2026-04-02 17:15:50
47571401,Show HN: The Alphabetical Clock,entertainment,40,24,secretdark,2026-04-02 17:15:56
47583532,Scientists uncovered the nutrients bees were missing – Colonies surged 15-fold,science,39,3,apparent,2026-04-02 17:16:03
47575910,Show HN: A 3D Body Scan for Nine Cents – Without SMPL,entertainment,17,4,arkadiuss,2026-04-02 17:16:05
47603696,Pesticides and cancer: researchers find a connection at the national level,worldnews,6,1,MrDresden,2026-04-02 17:16:12
47589900,Show HN: Lazy-tool: reducing prompt bloat in MCP-based agent workflows,entertainment,21,2,like-to-code1,2026-04-02 17:16:18
47566702,Sky Wins Irish Court Order to Unmask 300 Pirate IPTV Users via Revolut Bank,sports,91,55,nixass,2026-04-02 17:16:26
47609656,Chinese entrepreneur Zhang Xue's homegrown motorbike makes historic win,sports,6,2,icwtyjj,2026-04-02 17:16:30
47570547,HD Audio Driver for Windows 98SE / Me,sports,62,8,userbinator,2026-04-02 17:16:35
47601957,Launch day has arrived for NASA's Artemis II mission–here's what to expect,science,5,0,Archelaos,2026-04-02 17:16:39
47565955,We Added a Console Notice to Internationalizationext – and Why We Removed It,worldnews,15,1,screeny05,2026-04-02 17:16:46
47593627,NASA Teams Readying Artemis II Moon Rocket for Launch,sports,11,0,benlarweh,2026-04-02 17:16:53
47571705,Sad Story of Soviet Compact Disc Players,sports,9,1,thenthenthen,2026-04-02 17:17:05
